name,color,conservation
K34,#145AFF,0.1445
V35,#0F820F,0.0859
Q36,#00DCDC,0.1655
L37,#0F820F,0.2989
K38,#145AFF,0.1700
G39,#EBEBEB,0.2610
R40,#145AFF,0.6523
D41,#E60A0A,0.5630
L42,#0F820F,0.6391
L43,#0F820F,0.8753
T44,#FA9600,0.3154
L45,#0F820F,0.4585
K46,#145AFF,0.1831
N47,#00DCDC,0.6245
F48,#3232AA,0.4641
T49,#FA9600,0.5102
G50,#EBEBEB,0.2620
E51,#E60A0A,0.3040
E52,#E60A0A,0.6975
I53,#0F820F,0.4464
K54,#145AFF,0.1968
Y55,#3232AA,0.2131
M56,#E6E600,0.6116
L57,#0F820F,0.6439
W58,#B45AB4,0.3755
L59,#0F820F,0.3742
S60,#FA9600,0.6700
A61,#C8C8C8,0.2196
D62,#E60A0A,0.1749
L63,#0F820F,0.5895
K64,#145AFF,0.9717
F65,#3232AA,0.0127
R66,#145AFF,0.2543
I67,#0F820F,0.1927
K68,#145AFF,0.3130
Q69,#00DCDC,0.2979
K70,#145AFF,0.1875
G71,#EBEBEB,0.4793
E72,#E60A0A,0.1650
Y73,#3232AA,0.1669
L74,#0F820F,0.1280
P75,#DC9682,0.2221
L76,#0F820F,0.2492
L77,#0F820F,0.8345
Q78,#00DCDC,0.1908
G79,#EBEBEB,0.6276
K80,#145AFF,0.6906
S81,#FA9600,0.4184
L82,#0F820F,0.6127
G83,#EBEBEB,0.6966
M84,#E6E600,0.6748
I85,#0F820F,0.7053
F86,#3232AA,0.9846
E87,#E60A0A,0.6806
K88,#145AFF,0.9462
R89,#145AFF,0.3302
S90,#FA9600,0.9922
T91,#FA9600,0.8821
R92,#145AFF,0.9982
T93,#FA9600,1.0000
R94,#145AFF,0.9717
L95,#0F820F,0.4356
S96,#FA9600,0.7592
T97,#FA9600,0.8842
E98,#E60A0A,0.6465
T99,#FA9600,0.5027
G100,#EBEBEB,0.7694
F101,#3232AA,0.4527
A102,#C8C8C8,0.1952
L103,#0F820F,0.5051
L104,#0F820F,0.6657
G105,#EBEBEB,0.9870
G106,#EBEBEB,0.7601
H107,#8282D2,0.3547
P108,#DC9682,0.4266
C109,#E6E600,0.3522
F110,#3232AA,0.4698
L111,#0F820F,0.7025
T112,#FA9600,0.4288
T113,#FA9600,0.3601
Q114,#00DCDC,0.2665
D115,#E60A0A,0.4442
I116,#0F820F,0.4213
H117,#8282D2,0.7795
L118,#0F820F,0.6381
G119,#EBEBEB,0.8583
V120,#0F820F,0.4806
N121,#00DCDC,0.5434
E122,#E60A0A,1.0000
S123,#FA9600,0.5863
L124,#0F820F,0.4618
T125,#FA9600,0.3882
D126,#E60A0A,1.0000
T127,#FA9600,0.6998
A128,#C8C8C8,0.9043
R129,#145AFF,0.5726
V130,#0F820F,0.8516
L131,#0F820F,0.7487
S132,#FA9600,0.6822
S133,#FA9600,0.6755
M134,#E6E600,0.6218
A135,#C8C8C8,0.3884
D136,#E60A0A,0.8414
A137,#C8C8C8,0.4782
V138,#0F820F,0.7723
L139,#0F820F,0.4438
A140,#C8C8C8,0.4152
R141,#145AFF,1.0000
V142,#0F820F,0.5692
Y143,#3232AA,0.5382
K144,#145AFF,0.3414
Q145,#00DCDC,0.6939
S146,#FA9600,0.3049
D147,#E60A0A,0.2462
L148,#0F820F,0.6222
D149,#E60A0A,0.5366
T150,#FA9600,0.3730
L151,#0F820F,0.6661
A152,#C8C8C8,0.8315
K153,#145AFF,0.3620
E154,#E60A0A,0.3873
A155,#C8C8C8,0.6906
S156,#FA9600,0.3835
I157,#0F820F,0.7564
P158,#DC9682,0.9913
I159,#0F820F,0.8888
I160,#0F820F,0.5974
N161,#00DCDC,0.9957
G162,#EBEBEB,0.7440
L163,#0F820F,1.0000
S164,#FA9600,0.7714
D165,#E60A0A,0.7496
L166,#0F820F,0.3553
Y167,#3232AA,0.2873
H168,#8282D2,1.0000
P169,#DC9682,1.0000
I170,#0F820F,0.6587
Q171,#00DCDC,1.0000
I172,#0F820F,0.4390
L173,#0F820F,0.7735
A174,#C8C8C8,0.8959
D175,#E60A0A,0.9913
Y176,#3232AA,0.4032
L177,#0F820F,0.5721
T178,#FA9600,0.9773
L179,#0F820F,0.3922
Q180,#00DCDC,0.2237
E181,#E60A0A,0.9922
H182,#8282D2,0.3443
Y183,#3232AA,0.2720
S184,#FA9600,0.6068
S185,#FA9600,0.2066
L186,#0F820F,0.4959
K187,#145AFF,0.2638
G188,#EBEBEB,0.5786
L189,#0F820F,0.3598
T190,#FA9600,0.4727
L191,#0F820F,0.4710
S192,#FA9600,0.6097
W193,#B45AB4,0.6789
I194,#0F820F,0.4443
G195,#EBEBEB,0.9957
D196,#E60A0A,0.9738
G197,#EBEBEB,0.6629
N198,#00DCDC,0.9017
N199,#00DCDC,1.0000
I200,#0F820F,0.6946
L201,#0F820F,0.4570
H202,#8282D2,0.5211
S203,#FA9600,0.7851
I204,#0F820F,0.5808
M205,#E6E600,0.5479
M206,#E6E600,0.2933
S207,#FA9600,0.4793
A208,#C8C8C8,0.5939
A209,#C8C8C8,0.4486
K210,#145AFF,0.3462
F211,#3232AA,0.4611
G212,#EBEBEB,0.7991
M213,#E6E600,0.4406
H214,#8282D2,0.3677
L215,#0F820F,0.4755
Q216,#00DCDC,0.3684
A217,#C8C8C8,0.5098
A218,#C8C8C8,0.4001
T219,#FA9600,0.4063
P220,#DC9682,0.9929
K221,#145AFF,0.3378
G222,#EBEBEB,0.4261
Y223,#3232AA,0.5346
E224,#E60A0A,0.2564
P225,#DC9682,0.7257
D226,#E60A0A,0.2896
A227,#C8C8C8,0.2479
S228,#FA9600,0.2452
V229,#0F820F,0.4081
T230,#FA9600,0.4073
K231,#145AFF,0.2568
L232,#0F820F,0.1470
A233,#C8C8C8,0.5099
E234,#E60A0A,0.2449
Q235,#00DCDC,0.2652
Y236,#3232AA,0.1838
A237,#C8C8C8,0.4815
K238,#145AFF,0.2206
E239,#E60A0A,0.1901
N240,#00DCDC,0.242